{"buckets": ["09:30", "10:00", "10:30", "11:00", "11:30", "12:00", "12:30", "13:00", "13:30", "14:00", "14:30", "15:00", "15:30"], "regimes": {"Negative GEX": [0.480105, 0.698172, 0.576471, 0.630797, 0.62688, 0.891208, 0.967347, 0.779749, 1.042264, 1.161986, 0.884183, 0.934197, 1.011333], "Low GEX": [0.59238, 0.550415, 0.915738, 0.879281, 1.072445, 1.155619, 0.944449, 1.095722, 0.884103, 1.094874, 1.566828, 1.134669, 1.106532], "High GEX": [0.464535, 0.667274, 0.593019, 0.542193, 0.643301, 0.519985, 0.591901, 0.678721, 0.687304, 0.975752, 0.938258, 0.659335, 0.860492]}}