{"regimes": ["Negative GEX", "Low GEX", "High GEX"], "colors": ["#dc2626", "#f59e0b", "#059669"], "data": {"Negative GEX": {"p10": 0.060267, "p25": 0.078591, "median": 0.115495, "p75": 0.17158, "p90": 0.230278, "mean": 0.133376, "n": 349}, "Low GEX": {"p10": 0.056453, "p25": 0.073711, "median": 0.112866, "p75": 0.15304, "p90": 0.215613, "mean": 0.122862, "n": 123}, "High GEX": {"p10": 0.044992, "p25": 0.059206, "median": 0.080524, "p75": 0.114246, "p90": 0.147377, "mean": 0.093667, "n": 250}}, "t_test": {"t_stat": 7.657, "p_val": 0.0, "label": "Negative GEX vs High GEX"}, "vol_premium": 0.4239}