{"buckets": ["09:30", "10:00", "10:30", "11:00", "11:30", "12:00", "12:30", "13:00", "13:30", "14:00", "14:30", "15:00", "15:30"], "regimes": {"Negative GEX": [0.768374, 1.410864, 0.948375, 1.026425, 0.806706, 0.954822, 1.261069, 1.481503, 1.256197, 1.348823, 1.053131, 0.9287, 1.102431], "Low GEX": [0.594752, 0.631162, 0.785491, 0.718592, 0.825451, 0.822453, 0.680047, 1.057984, 0.710525, 1.012534, 1.312939, 0.870266, 1.051374], "High GEX": [0.387723, 0.523262, 0.475781, 0.349475, 0.421805, 0.351462, 0.602761, 0.596242, 0.449905, 0.923067, 0.548062, 0.697026, 0.585111]}}