{"regimes": ["Negative GEX", "Low GEX", "High GEX"], "colors": ["#dc2626", "#f59e0b", "#059669"], "data": {"Negative GEX": {"p10": 0.061126, "p25": 0.079883, "median": 0.115649, "p75": 0.172998, "p90": 0.236418, "mean": 0.137191, "n": 421}, "Low GEX": {"p10": 0.052763, "p25": 0.071932, "median": 0.107706, "p75": 0.154686, "p90": 0.214485, "mean": 0.125113, "n": 233}, "High GEX": {"p10": 0.04296, "p25": 0.056379, "median": 0.071716, "p75": 0.102245, "p90": 0.123076, "mean": 0.080578, "n": 233}}, "t_test": {"t_stat": 11.946, "p_val": 0.0, "label": "Negative GEX vs High GEX"}, "vol_premium": 0.7026}