{"regimes": ["Negative GEX", "Low GEX", "High GEX"], "colors": ["#dc2626", "#f59e0b", "#059669"], "data": {"Negative GEX": {"p10": 0.060267, "p25": 0.078591, "median": 0.115495, "p75": 0.17158, "p90": 0.230278, "mean": 0.133376, "n": 349}, "Low GEX": {"p10": 0.053887, "p25": 0.073313, "median": 0.113347, "p75": 0.156311, "p90": 0.217395, "mean": 0.124518, "n": 186}, "High GEX": {"p10": 0.043781, "p25": 0.056804, "median": 0.074242, "p75": 0.103524, "p90": 0.12297, "mean": 0.082184, "n": 187}}, "t_test": {"t_stat": 10.957, "p_val": 0.0, "label": "Negative GEX vs High GEX"}, "vol_premium": 0.6229}