{"buckets": ["09:30", "10:00", "10:30", "11:00", "11:30", "12:00", "12:30", "13:00", "13:30", "14:00", "14:30", "15:00", "15:30"], "regimes": {"Negative GEX": [0.480105, 0.698172, 0.576471, 0.630797, 0.62688, 0.891208, 0.967347, 0.779749, 1.042264, 1.161986, 0.884183, 0.934197, 1.011333], "Low GEX": [0.544095, 0.618354, 0.785333, 0.750877, 0.906325, 0.89184, 0.786554, 0.919553, 0.823015, 1.047785, 1.330819, 0.919222, 1.027779], "High GEX": [0.387723, 0.523262, 0.475781, 0.349475, 0.421805, 0.351462, 0.602761, 0.596242, 0.449905, 0.923067, 0.548062, 0.697026, 0.585111]}}